"Relative Time (Process)","tjsp2024_2025_llama3.2-3B-ft-inference_2025-04-26_13-47-22 - system/gpu.0.powerWatts","tjsp2024_2025_llama3.2-3B-ft-inference_2025-04-26_13-47-22 - system/gpu.0.powerWatts__MIN","tjsp2024_2025_llama3.2-3B-ft-inference_2025-04-26_13-47-22 - system/gpu.0.powerWatts__MAX","tjsp2024_2025_llama3.2-3B-ft-inference_2025-04-26_13-47-22 - system/gpu.1.powerWatts","tjsp2024_2025_llama3.2-3B-ft-inference_2025-04-26_13-47-22 - system/gpu.1.powerWatts__MIN","tjsp2024_2025_llama3.2-3B-ft-inference_2025-04-26_13-47-22 - system/gpu.1.powerWatts__MAX","tjsp2024_2025_llama3.2-3B-ft-inference_2025-04-26_13-47-22 - system/gpu.2.powerWatts","tjsp2024_2025_llama3.2-3B-ft-inference_2025-04-26_13-47-22 - system/gpu.2.powerWatts__MIN","tjsp2024_2025_llama3.2-3B-ft-inference_2025-04-26_13-47-22 - system/gpu.2.powerWatts__MAX","tjsp2024_2025_llama3.2-3B-ft-inference_2025-04-26_13-47-22 - system/gpu.3.powerWatts","tjsp2024_2025_llama3.2-3B-ft-inference_2025-04-26_13-47-22 - system/gpu.3.powerWatts__MIN","tjsp2024_2025_llama3.2-3B-ft-inference_2025-04-26_13-47-22 - system/gpu.3.powerWatts__MAX"
"15.603211663","66.443","66.443","66.443","71.689","71.689","71.689","71.27","71.27","71.27","171.503","171.503","171.503"
"31.815948474","51.313","51.313","51.313","70.458","70.458","70.458","77.665","77.665","77.665","198.65","198.65","198.65"
"45.567282144","71.66","71.66","71.66","73.247","73.247","73.247","70.037","70.037","70.037","178.074","178.074","178.074"
"61.495244965","67.092","67.092","67.092","69.107","69.107","69.107","68.733","68.733","68.733","164.25","164.25","164.25"
"75.566789986","70.196","70.196","70.196","74.09","74.09","74.09","71.187","71.187","71.187","192.51","192.51","192.51"
"91.010215477","66.741","66.741","66.741","68.512","68.512","68.512","60.188","60.188","60.188","196.762","196.762","196.762"
"105.572616918","49.302","49.302","49.302","49.055","49.055","49.055","71.284","71.284","71.284","195.69","195.69","195.69"
"120.56766283","67.794","67.794","67.794","70.458","70.458","70.458","71.879","71.879","71.879","156.886","156.886","156.886"
"136.474737793","69.096","69.096","69.096","55.331","55.331","55.331","70.291","70.291","70.291","163.668","163.668","163.668"
"150.570430354","68.404","68.404","68.404","73.897","73.897","73.897","72.537","72.537","72.537","209.527","209.527","209.527"
"165.972672139","66.631","66.631","66.631","73.283","73.283","73.283","50.977","50.977","50.977","205.99","205.99","205.99"
"180.907879374","67.231","67.231","67.231","62.114","62.114","62.114","59.596","59.596","59.596","184.159","184.159","184.159"
"196.565093956","58.389","58.389","58.389","62.52","62.52","62.52","59.897","59.897","59.897","205.473","205.473","205.473"
"210.562670263","57.982","57.982","57.982","62.114","62.114","62.114","59.402","59.402","59.402","162.674","162.674","162.674"
"225.56124866","58.21","58.21","58.21","62.229","62.229","62.229","59.418","59.418","59.418","210.556","210.556","210.556"
"240.907442825","58.096","58.096","58.096","62.005","62.005","62.005","59.493","59.493","59.493","88.307","88.307","88.307"
"256.353351222","58.291","58.291","58.291","62.308","62.308","62.308","59.418","59.418","59.418","170.566","170.566","170.566"
"270.561990508","57.982","57.982","57.982","62.114","62.114","62.114","59.202","59.202","59.202","240.881","240.881","240.881"
"285.561795725","57.982","57.982","57.982","61.926","61.926","61.926","59.105","59.105","59.105","239.242","239.242","239.242"
"300.72563836","57.983","57.983","57.983","61.938","61.938","61.938","59.008","59.008","59.008","250.204","250.204","250.204"
"316.294843951","57.987","57.987","57.987","62.108","62.108","62.108","59.008","59.008","59.008","225.426","225.426","225.426"
"330.563349676","57.902","57.902","57.902","61.829","61.829","61.829","59.094","59.094","59.094","216.246","216.246","216.246"
"345.559970983","57.113","57.113","57.113","61.829","61.829","61.829","58.917","58.917","58.917","186.259","186.259","186.259"
"360.653752331","57.885","57.885","57.885","61.811","61.811","61.811","58.797","58.797","58.797","232.127","232.127","232.127"
"376.240648635","57.983","57.983","57.983","62.114","62.114","62.114","59.202","59.202","59.202","236.146","236.146","236.146"
"390.564690029","57.885","57.885","57.885","61.732","61.732","61.732","58.813","58.813","58.813","220.198","220.198","220.198"
"405.56248156","57.712","57.712","57.712","61.732","61.732","61.732","58.738","58.738","58.738","183.987","183.987","183.987"
"420.651329869","58.004","58.004","58.004","61.617","61.617","61.617","59.024","59.024","59.024","182.881","182.881","182.881"
"436.106289318","58.004","58.004","58.004","61.731","61.731","61.731","59.224","59.224","59.224","189.417","189.417","189.417"
"450.562013941","57.999","57.999","57.999","61.536","61.536","61.536","58.71","58.71","58.71","286.38","286.38","286.38"
"465.559977314","58.004","58.004","58.004","61.732","61.732","61.732","58.722","58.722","58.722","160.63","160.63","160.63"
"480.559038396","57.788","57.788","57.788","61.634","61.634","61.634","58.814","58.814","58.814","234.869","234.869","234.869"
"495.786908374","57.696","57.696","57.696","61.537","61.537","61.537","58.717","58.717","58.717","234.566","234.566","234.566"
"511.410549089","57.987","57.987","57.987","61.829","61.829","61.829","59.208","59.208","59.208","223.606","223.606","223.606"
"525.561230684","57.81","57.81","57.81","61.634","61.634","61.634","58.722","58.722","58.722","179.004","179.004","179.004"
"540.563469214","57.696","57.696","57.696","61.536","61.536","61.536","58.836","58.836","58.836","173.446","173.446","173.446"
"555.567758329","57.788","57.788","57.788","61.537","61.537","61.537","58.716","58.716","58.716","203.695","203.695","203.695"
"571.024747535","57.696","57.696","57.696","61.748","61.748","61.748","58.927","58.927","58.927","193.71","193.71","193.71"
"585.568107529","57.825","57.825","57.825","61.732","61.732","61.732","58.704","58.704","58.704","207.632","207.632","207.632"
"600.564847659","57.691","57.691","57.691","61.519","61.519","61.519","58.911","58.911","58.911","233.726","233.726","233.726"
"615.58297333","57.707","57.707","57.707","61.617","61.617","61.617","58.738","58.738","58.738","175.764","175.764","175.764"
"630.943666193","57.713","57.713","57.713","61.536","61.536","61.536","59.224","59.224","59.224","195.655","195.655","195.655"
"646.42193442","58.193","58.193","58.193","61.732","61.732","61.732","59.014","59.014","59.014","213.79","213.79","213.79"
"660.561424089","57.723","57.723","57.723","61.634","61.634","61.634","58.755","58.755","58.755","155.171","155.171","155.171"
"675.564119786","57.885","57.885","57.885","61.439","61.439","61.439","58.814","58.814","58.814","230.682","230.682","230.682"
"690.631587151","57.615","57.615","57.615","61.634","61.634","61.634","58.723","58.723","58.723","191.872","191.872","191.872"
"706.184011494","57.133","57.133","57.133","61.828","61.828","61.828","58.927","58.927","58.927","219.523","219.523","219.523"
"720.571585363","57.118","57.118","57.118","61.525","61.525","61.525","58.852","58.852","58.852","182.074","182.074","182.074"
"736.478107589","43.727","43.727","43.727","41.762","41.762","41.762","36.987","36.987","36.987","247.368","247.368","247.368"
"751.589165985","43.635","43.635","43.635","61.439","61.439","61.439","58.561","58.561","58.561","118.142","118.142","118.142"
"765.565652174","57.421","57.421","57.421","51.204","51.204","51.204","46.352","46.352","46.352","219.789","219.789","219.789"
"780.573416456","43.356","43.356","43.356","49.541","49.541","49.541","50.078","50.078","50.078","194.515","194.515","194.515"
"795.572247817","52.665","52.665","52.665","149.111","149.111","149.111","54.18","54.18","54.18","221.777","221.777","221.777"
"810.655381559","143.878","143.878","143.878","148.157","148.157","148.157","147.897","147.897","147.897","230.471","230.471","230.471"
"826.272448117","149.998","149.998","149.998","152.141","152.141","152.141","113.977","113.977","113.977","227.181","227.181","227.181"
"841.836072772","150.088","150.088","150.088","158.711","158.711","158.711","155.586","155.586","155.586","265.322","265.322","265.322"
"855.57188186","152.11","152.11","152.11","142.382","142.382","142.382","146.916","146.916","146.916","207.607","207.607","207.607"
"870.568576494","152.062","152.062","152.062","153.758","153.758","153.758","148.04","148.04","148.04","201.358","201.358","201.358"
"885.57078056","33.7","33.7","33.7","37.722","37.722","37.722","35.131","35.131","35.131","207.289","207.289","207.289"
"900.559854484","58.594","58.594","58.594","63.771","63.771","63.771","59.977","59.977","59.977","213.032","213.032","213.032"
"915.564048852","59.886","59.886","59.886","62.727","62.727","62.727","60.588","60.588","60.588","213.028","213.028","213.028"
"930.573788898","33.395","33.395","33.395","34.375","34.375","34.375","32.473","32.473","32.473","254.867","254.867","254.867"
"945.57521741","33.104","33.104","33.104","63.406","63.406","63.406","32.279","32.279","32.279","253.777","253.777","253.777"
"960.569374596","51.017","51.017","51.017","55.346","55.346","55.346","31.883","31.883","31.883","231.421","231.421","231.421"
"975.577947193","239.6","239.6","239.6","251.858","251.858","251.858","31.574","31.574","31.574","222.681","222.681","222.681"
"990.581989265","234.384","234.384","234.384","245.494","245.494","245.494","31.574","31.574","31.574","185.939","185.939","185.939"
"1005.573711826","33.991","33.991","33.991","35.555","35.555","35.555","31.592","31.592","31.592","226.734","226.734","226.734"
"1020.57407516","59.405","59.405","59.405","36.842","36.842","36.842","31.49","31.49","31.49","203.646","203.646","203.646"
"1035.566828914","252.183","252.183","252.183","62.696","62.696","62.696","31.38","31.38","31.38","223.396","223.396","223.396"
"1050.569188311","213.716","213.716","213.716","219.393","219.393","219.393","31.186","31.186","31.186","217.02","217.02","217.02"
"1065.569558718","203.837","203.837","203.837","207.423","207.423","207.423","31.582","31.582","31.582","194.663","194.663","194.663"
"1080.573495933","245.556","245.556","245.556","230.164","230.164","230.164","31.56","31.56","31.56","246.692","246.692","246.692"
"1095.569596534","219.723","219.723","219.723","242.008","242.008","242.008","31.478","31.478","31.478","196.629","196.629","196.629"
"1110.572505501","34.782","34.782","34.782","37.722","37.722","37.722","31.574","31.574","31.574","226.304","226.304","226.304"
"1125.576410776","34.489","34.489","34.489","36.446","36.446","36.446","31.567","31.567","31.567","249.635","249.635","249.635"
"1140.571666202","51.314","51.314","51.314","35.644","35.644","35.644","31.288","31.288","31.288","216.434","216.434","216.434"
"1155.571608276","50.925","50.925","50.925","34.68","34.68","34.68","31.378","31.378","31.378","238.138","238.138","238.138"
"1170.576823708","50.674","50.674","50.674","34.482","34.482","34.482","31.38","31.38","31.38","231.717","231.717","231.717"
"1185.571836408","103.809","103.809","103.809","34.27","34.27","34.27","31.385","31.385","31.385","183.146","183.146","183.146"
"1200.571463972","50.899","50.899","50.899","33.889","33.889","33.889","31.281","31.281","31.281","244.841","244.841","244.841"
"1215.573227131","53.765","53.765","53.765","33.694","33.694","33.694","31.385","31.385","31.385","196.106","196.106","196.106"
"1230.572596842","51.897","51.897","51.897","33.589","33.589","33.589","31.198","31.198","31.198","192.443","192.443","192.443"
"1245.575911369","53.78","53.78","53.78","33.104","33.104","33.104","31.191","31.191","31.191","207.222","207.222","207.222"
"1260.576292276","51.508","51.508","51.508","33.099","33.099","33.099","31.283","31.283","31.283","239.023","239.023","239.023"
"1275.577207965","35.462","35.462","35.462","33.001","33.001","33.001","31.288","31.288","31.288","240.718","240.718","240.718"
"1290.571074527","52.712","52.712","52.712","32.904","32.904","32.904","31.191","31.191","31.191","172.602","172.602","172.602"
"1305.576860519","54.169","54.169","54.169","32.891","32.891","32.891","31.198","31.198","31.198","183.505","183.505","183.505"
"1320.572675564","32.702","32.702","32.702","32.697","32.697","32.697","31.101","31.101","31.101","178.711","178.711","178.711"
"1335.564666438","32.808","32.808","32.808","60.667","60.667","60.667","57.372","57.372","57.372","127.63","127.63","127.63"
"1350.574762492","69.774","69.774","69.774","77.364","77.364","77.364","70.34","70.34","70.34","153.122","153.122","153.122"
"1365.575626825","266.726","266.726","266.726","254.396","254.396","254.396","256.013","256.013","256.013","224.871","224.871","224.871"
"1380.57028494","251.007","251.007","251.007","263.76","263.76","263.76","242.057","242.057","242.057","246.182","246.182","246.182"
"1395.561999877","58.886","58.886","58.886","63.389","63.389","63.389","61.246","61.246","61.246","243.039","243.039","243.039"
"1410.56493343","58.302","58.302","58.302","62.502","62.502","62.502","60.458","60.458","60.458","250.616","250.616","250.616"
"1425.573096049","33.404","33.404","33.404","34.278","34.278","34.278","32.103","32.103","32.103","160.386","160.386","160.386"
"1440.572346065","33.307","33.307","33.307","33.978","33.978","33.978","31.988","31.988","31.988","171.328","171.328","171.328"
"1455.575668738","211.671","211.671","211.671","33.469","33.469","33.469","31.669","31.669","31.669","242.589","242.589","242.589"
"1470.58181201","33.298","33.298","33.298","33.5","33.5","33.5","31.891","31.891","31.891","178.591","178.591","178.591"
"1485.57711734","58.712","58.712","58.712","35.643","35.643","35.643","31.579","31.579","31.579","250.684","250.684","250.684"
"1500.573118894","147.361","147.361","147.361","150.04","150.04","150.04","31.47","31.47","31.47","245.915","245.915","245.915"
"1515.56999552","145.741","145.741","145.741","152.05","152.05","152.05","31.385","31.385","31.385","185.214","185.214","185.214"
"1530.568114244","141.907","141.907","141.907","151.644","151.644","151.644","31.283","31.283","31.283","243.18","243.18","243.18"
"1545.573663943","147.056","147.056","147.056","154.144","154.144","154.144","31.276","31.276","31.276","256.33","256.33","256.33"
"1560.567973966","141.714","141.714","141.714","151.409","151.409","151.409","31.178","31.178","31.178","250.363","250.363","250.363"
"1575.569236225","141.334","141.334","141.334","145.568","145.568","145.568","31.198","31.198","31.198","160.268","160.268","160.268"
"1590.569119309","145.5","145.5","145.5","144.527","144.527","144.527","31.094","31.094","31.094","188.311","188.311","188.311"
"1605.572402137","141.471","141.471","141.471","144.945","144.945","144.945","31.089","31.089","31.089","217.594","217.594","217.594"
"1620.567935163","146.927","146.927","146.927","152.159","152.159","152.159","31.094","31.094","31.094","202.078","202.078","202.078"
"1635.569320904","144.908","144.908","144.908","153.037","153.037","153.037","31.186","31.186","31.186","237.023","237.023","237.023"
"1650.57420219","143.82","143.82","143.82","153.335","153.335","153.335","31.191","31.191","31.191","212.197","212.197","212.197"
"1665.568608433","143.781","143.781","143.781","123.794","123.794","123.794","30.992","30.992","30.992","219.276","219.276","219.276"
"1680.569486382","132.209","132.209","132.209","127.766","127.766","127.766","30.989","30.989","30.989","248.235","248.235","248.235"
"1695.571672063","146.784","146.784","146.784","137.926","137.926","137.926","30.985","30.985","30.985","258.605","258.605","258.605"
"1710.566937276","52.99","52.99","52.99","65.561","65.561","65.561","31.093","31.093","31.093","161.918","161.918","161.918"
"1725.573838149","33.687","33.687","33.687","35.361","35.361","35.361","30.996","30.996","30.996","188.1","188.1","188.1"
"1740.57875401","58.032","58.032","58.032","36.738","36.738","36.738","31.101","31.101","31.101","182.882","182.882","182.882"
"1755.570981237","98.599","98.599","98.599","103.663","103.663","103.663","31.086","31.086","31.086","250.898","250.898","250.898"
"1770.573377683","98.667","98.667","98.667","106.781","106.781","106.781","31.205","31.205","31.205","181.086","181.086","181.086"
"1785.569500545","98.004","98.004","98.004","105.159","105.159","105.159","31.093","31.093","31.093","177.485","177.485","177.485"
"1800.571583123","98.322","98.322","98.322","105.56","105.56","105.56","31.186","31.186","31.186","222.341","222.341","222.341"
"1815.574896057","99.386","99.386","99.386","104.928","104.928","104.928","31.101","31.101","31.101","162.199","162.199","162.199"
"1830.569111292","99.415","99.415","99.415","106.023","106.023","106.023","31.093","31.093","31.093","197.844","197.844","197.844"
"1845.569603878","98.101","98.101","98.101","104.98","104.98","104.98","31.086","31.086","31.086","249.894","249.894","249.894"
"1860.57325079","52.584","52.584","52.584","106.043","106.043","106.043","31.094","31.094","31.094","218.851","218.851","218.851"
"1875.567566262","101.378","101.378","101.378","106.587","106.587","106.587","31.094","31.094","31.094","217.215","217.215","217.215"
"1890.568226333","103.392","103.392","103.392","107.537","107.537","107.537","31.101","31.101","31.101","178.952","178.952","178.952"
"1905.571809033","101.763","101.763","101.763","106.522","106.522","106.522","31.1","31.1","31.1","174.37","174.37","174.37"
"1920.570305166","100.873","100.873","100.873","111.006","111.006","111.006","31.094","31.094","31.094","240.723","240.723","240.723"
"1935.570130891","100.529","100.529","100.529","106.778","106.778","106.778","30.992","30.992","30.992","220.806","220.806","220.806"
"1950.571288354","101.618","101.618","101.618","107.552","107.552","107.552","30.996","30.996","30.996","158.715","158.715","158.715"
"1965.570372159","101.898","101.898","101.898","107.02","107.02","107.02","31.088","31.088","31.088","237.855","237.855","237.855"
"1980.569552434","99.712","99.712","99.712","104.166","104.166","104.166","31.089","31.089","31.089","207.872","207.872","207.872"
"1995.56711185","52.493","52.493","52.493","65.367","65.367","65.367","31.198","31.198","31.198","163.032","163.032","163.032"
"2010.618466601","33.7","33.7","33.7","34.589","34.589","34.589","33.657","33.657","33.657","166.757","166.757","166.757"
"2025.564851306","58.421","58.421","58.421","36.161","36.161","36.161","33.179","33.179","33.179","167.492","167.492","167.492"
"2040.570310876","181.457","181.457","181.457","191.314","191.314","191.314","182.648","182.648","182.648","241.909","241.909","241.909"
"2055.571506881","50.926","50.926","50.926","57.216","57.216","57.216","32.183","32.183","32.183","198.317","198.317","198.317"
"2070.568109653","33.395","33.395","33.395","63.777","63.777","63.777","58.716","58.716","58.716","221.158","221.158","221.158"
"2085.574890951","52.196","52.196","52.196","58.298","58.298","58.298","34.338","34.338","34.338","194.422","194.422","194.422"
"2100.568830169","161.149","161.149","161.149","165.222","165.222","165.222","181.262","181.262","181.262","169.557","169.557","169.557"
"2115.572148834","143.056","143.056","143.056","156.263","156.263","156.263","197.951","197.951","197.951","166.901","166.901","166.901"
"2130.568952794","152.498","152.498","152.498","154.933","154.933","154.933","185.633","185.633","185.633","202.024","202.024","202.024"
"2145.571632481","172.051","172.051","172.051","159.092","159.092","159.092","145.55","145.55","145.55","184.961","184.961","184.961"
"2160.569194662","147.163","147.163","147.163","155.268","155.268","155.268","139.899","139.899","139.899","247.175","247.175","247.175"
"2175.571275276","157.787","157.787","157.787","153.754","153.754","153.754","143.527","143.527","143.527","169.808","169.808","169.808"
"2190.569274447","235.405","235.405","235.405","278.444","278.444","278.444","151.661","151.661","151.661","198.038","198.038","198.038"
"2205.577490886","34.879","34.879","34.879","39.309","39.309","39.309","36.415","36.415","36.415","186.802","186.802","186.802"
"2220.569347468","54.57","54.57","54.57","64.28","64.28","64.28","151.547","151.547","151.547","188.493","188.493","188.493"
"2235.57834334","163.372","163.372","163.372","212.837","212.837","212.837","150.732","150.732","150.732","190.732","190.732","190.732"
"2250.573487216","55.303","55.303","55.303","208.427","208.427","208.427","164.02","164.02","164.02","163.294","163.294","163.294"
"2265.579604269","34.11","34.11","34.11","36.161","36.161","36.161","33.555","33.555","33.555","199.148","199.148","199.148"
"2280.564840547","58.416","58.416","58.416","58.589","58.589","58.589","54.215","54.215","54.215","172.124","172.124","172.124"
"2295.577159239","33.404","33.404","33.404","36.543","36.543","36.543","34.544","34.544","34.544","199.799","199.799","199.799"
"2310.580787555","251.397","251.397","251.397","245.215","245.215","245.215","243.723","243.723","243.723","243.616","243.616","243.616"
"2326.342664086","198.115","198.115","198.115","207.439","207.439","207.439","200.622","200.622","200.622","244.842","244.842","244.842"
"2341.359247936","209.384","209.384","209.384","223.777","223.777","223.777","206.732","206.732","206.732","246.664","246.664","246.664"
"2355.572459185","224.766","224.766","224.766","237.509","237.509","237.509","221.144","221.144","221.144","197.39","197.39","197.39"
"2370.568150137","55.262","55.262","55.262","62.836","62.836","62.836","57.127","57.127","57.127","256.688","256.688","256.688"
"2385.563103136","53.387","53.387","53.387","60.667","60.667","60.667","55.165","55.165","55.165","247.617","247.617","247.617"
"2400.564657272","33.907","33.907","33.907","64.615","64.615","64.615","61.995","61.995","61.995","133.312","133.312","133.312"
"2415.569216644","58.518","58.518","58.518","36.933","36.933","36.933","35.236","35.236","35.236","221.621","221.621","221.621"
"2430.573826541","147.403","147.403","147.403","151.923","151.923","151.923","147.59","147.59","147.59","223.611","223.611","223.611"
"2445.574158897","151.9","151.9","151.9","153.723","153.723","153.723","147.604","147.604","147.604","222.108","222.108","222.108"
"2460.574017825","146.755","146.755","146.755","156.658","156.658","156.658","152.009","152.009","152.009","219.914","219.914","219.914"
"2475.569901288","149.558","149.558","149.558","154.015","154.015","154.015","152.158","152.158","152.158","217.512","217.512","217.512"
"2490.569052188","156.485","156.485","156.485","157.818","157.818","157.818","156.811","156.811","156.811","210.104","210.104","210.104"
"2505.57040083","156.627","156.627","156.627","160.86","160.86","160.86","151.454","151.454","151.454","233.548","233.548","233.548"
"2520.565937823","34.587","34.587","34.587","39.109","39.109","39.109","54.492","54.492","54.492","208.471","208.471","208.471"
"2535.561640327","59.578","59.578","59.578","64.966","64.966","64.966","62.04","62.04","62.04","206.646","206.646","206.646"
"2550.562847623","58.582","58.582","58.582","64.003","64.003","64.003","61.384","61.384","61.384","186.228","186.228","186.228"
"2565.572388076","42.955","42.955","42.955","34.88","34.88","34.88","33.555","33.555","33.555","193.056","193.056","193.056"
"2580.563642919","33.298","33.298","33.298","64.081","64.081","64.081","60","60","60","181.904","181.904","181.904"
"2595.567182038","74.977","74.977","74.977","72.514","72.514","72.514","71.196","71.196","71.196","195.272","195.272","195.272"
"2610.570872381","113.928","113.928","113.928","103.579","103.579","103.579","131.905","131.905","131.905","241.124","241.124","241.124"
"2625.571754087","115.889","115.889","115.889","127.196","127.196","127.196","111.374","111.374","111.374","152.569","152.569","152.569"
"2640.577866601","32.994","32.994","32.994","34.29","34.29","34.29","32.187","32.187","32.187","202.411","202.411","202.411"
"2655.567528417","58.323","58.323","58.323","55.623","55.623","55.623","52.244","52.244","52.244","208.543","208.543","208.543"
"2670.639589377","32.8","32.8","32.8","35.65","35.65","35.65","33.762","33.762","33.762","178.487","178.487","178.487"
"2685.567264207","52.201","52.201","52.201","56.509","56.509","56.509","55.675","55.675","55.675","216.137","216.137","216.137"
"2700.569049758","187.942","187.942","187.942","189.368","189.368","189.368","187.84","187.84","187.84","219.766","219.766","219.766"
"2715.567984292","180.271","180.271","180.271","195.898","195.898","195.898","55.259","55.259","55.259","206.273","206.273","206.273"
"2730.575434795","186.817","186.817","186.817","207.234","207.234","207.234","184.795","184.795","184.795","227.108","227.108","227.108"
"2745.573367141","186.567","186.567","186.567","201.456","201.456","201.456","184.885","184.885","184.885","234.264","234.264","234.264"
"2760.574124854","195.389","195.389","195.389","194.101","194.101","194.101","195.082","195.082","195.082","205.395","205.395","205.395"
"2775.568960723","187.941","187.941","187.941","199.646","199.646","199.646","57.139","57.139","57.139","207.613","207.613","207.613"
"2790.569554108","196.296","196.296","196.296","227.992","227.992","227.992","201.413","201.413","201.413","175.943","175.943","175.943"
"2805.580132266","191.52","191.52","191.52","199.263","199.263","199.263","188.931","188.931","188.931","213.781","213.781","213.781"
"2820.562959627","60.653","60.653","60.653","67.14","67.14","67.14","62.154","62.154","62.154","222.866","222.866","222.866"
"2835.565744081","59.469","59.469","59.469","65.277","65.277","65.277","61.457","61.457","61.457","226.69","226.69","226.69"
"2850.564010222","58.886","58.886","58.886","64.1","64.1","64.1","60.474","60.474","60.474","230.451","230.451","230.451"
"2865.571371208","59.566","59.566","59.566","63.115","63.115","63.115","60.783","60.783","60.783","242.317","242.317","242.317"
"2880.565097956","59.68","59.68","59.68","62.709","62.709","62.709","60.588","60.588","60.588","200.283","200.283","200.283"
"2895.568524023","59.663","59.663","59.663","64.287","64.287","64.287","60.268","60.268","60.268","232.722","232.722","232.722"
"2910.562410702","58.68","58.68","58.68","63.68","63.68","63.68","59.801","59.801","59.801","223.536","223.536","223.536"
"2925.563524563","59.166","59.166","59.166","63.486","63.486","63.486","59.596","59.596","59.596","224.016","224.016","224.016"
"2940.58002147","33.104","33.104","33.104","33.987","33.987","33.987","31.993","31.993","31.993","214.234","214.234","214.234"
"2955.570646333","32.702","32.702","32.702","62.824","62.824","62.824","58.917","58.917","58.917","176.778","176.778","176.778"
"2970.567819585","50.629","50.629","50.629","54.86","54.86","54.86","51.947","51.947","51.947","170.355","170.355","170.355"
"2985.570761303","190.697","190.697","190.697","182.769","182.769","182.769","180.769","180.769","180.769","150.62","150.62","150.62"
"3000.571631938","178.605","178.605","178.605","189.832","189.832","189.832","180.147","180.147","180.147","162.375","162.375","162.375"
"3015.576927671","188.941","188.941","188.941","198.949","198.949","198.949","181.142","181.142","181.142","202.631","202.631","202.631"
"3030.575333965","184.597","184.597","184.597","189.976","189.976","189.976","184.293","184.293","184.293","254.116","254.116","254.116"
"3045.572341506","197.749","197.749","197.749","203.54","203.54","203.54","186.543","186.543","186.543","192.219","192.219","192.219"
"3060.576749124","191.522","191.522","191.522","212.061","212.061","212.061","188.854","188.854","188.854","217.421","217.421","217.421"
"3075.573830453","190.829","190.829","190.829","216.997","216.997","216.997","197.207","197.207","197.207","227.719","227.719","227.719"
"3090.574173519","204.017","204.017","204.017","212.893","212.893","212.893","205.691","205.691","205.691","216.232","216.232","216.232"
"3105.580260285","34.392","34.392","34.392","36.939","36.939","36.939","34.059","34.059","34.059","178.097","178.097","178.097"
"3120.575537651","34.101","34.101","34.101","35.856","35.856","35.856","33.637","33.637","33.637","219.448","219.448","219.448"
"3135.577003112","100.59","100.59","100.59","34.963","34.963","34.963","32.77","32.77","32.77","190.926","190.926","190.926"
"3150.578155625","103.445","103.445","103.445","34.379","34.379","34.379","32.369","32.369","32.369","282.475","282.475","282.475"
"3165.573383579","103.935","103.935","103.935","33.881","33.881","33.881","32.182","32.182","32.182","151.421","151.421","151.421"
"3180.575019269","103.874","103.874","103.874","33.889","33.889","33.889","31.898","31.898","31.898","204.767","204.767","204.767"
"3195.578334247","105.194","105.194","105.194","33.589","33.589","33.589","31.684","31.684","31.684","150.86","150.86","150.86"
"3210.575776504","106.265","106.265","106.265","33.187","33.187","33.187","31.684","31.684","31.684","206.475","206.475","206.475"
"3225.573461245","153.973","153.973","153.973","33.196","33.196","33.196","31.692","31.692","31.692","174.422","174.422","174.422"
"3240.57962735","52.395","52.395","52.395","33.098","33.098","33.098","31.574","31.574","31.574","249.791","249.791","249.791"
"3255.581381672","33.298","33.298","33.298","33.305","33.305","33.305","31.288","31.288","31.288","250.653","250.653","250.653"
"3270.579946333","33.298","33.298","33.298","33.001","33.001","33.001","31.394","31.394","31.394","208.282","208.282","208.282"
"3285.577162655","187.464","187.464","187.464","32.87","32.87","32.87","31.094","31.094","31.094","203.429","203.429","203.429"
"3300.577401616","34.198","34.198","34.198","32.904","32.904","32.904","31.288","31.288","31.288","221.909","221.909","221.909"
"3315.571178819","33.602","33.602","33.602","60.359","60.359","60.359","57.528","57.528","57.528","252.771","252.771","252.771"
"3330.561832436","53.088","53.088","53.088","85.778","85.778","85.778","56.566","56.566","56.566","178.301","178.301","178.301"
"3345.578298214","93.904","93.904","93.904","93.966","93.966","93.966","92.746","92.746","92.746","170.697","170.697","170.697"
"3360.570142523","89.907","89.907","89.907","91.658","91.658","91.658","102.391","102.391","102.391","189.855","189.855","189.855"
"3375.568771976","87.583","87.583","87.583","100.792","100.792","100.792","92.607","92.607","92.607","197.031","197.031","197.031"
"3390.567297924","94.328","94.328","94.328","96.977","96.977","96.977","97.105","97.105","97.105","240.157","240.157","240.157"
"3405.566487948","92.045","92.045","92.045","84.914","84.914","84.914","95.644","95.644","95.644","213.903","213.903","213.903"
"3420.570305428","95.088","95.088","95.088","102.263","102.263","102.263","89.087","89.087","89.087","246.17","246.17","246.17"
"3435.582257363","33.298","33.298","33.298","33.987","33.987","33.987","31.981","31.981","31.981","246.869","246.869","246.869"
"3450.578774895","33.201","33.201","33.201","33.7","33.7","33.7","31.883","31.883","31.883","248.042","248.042","248.042"
"3465.580396258","193.751","193.751","193.751","33.279","33.279","33.279","31.671","31.671","31.671","254.773","254.773","254.773"
"3480.579007646","182.087","182.087","182.087","33.181","33.181","33.181","31.572","31.572","31.572","248.281","248.281","248.281"
"3495.577796989","181.536","181.536","181.536","32.876","32.876","32.876","31.677","31.677","31.677","206.607","206.607","206.607"
"3510.573246749","180.075","180.075","180.075","33.18","33.18","33.18","31.482","31.482","31.482","196.075","196.075","196.075"
"3525.577737873","189.339","189.339","189.339","33.174","33.174","33.174","31.572","31.572","31.572","213.995","213.995","213.995"
"3540.574736687","195.824","195.824","195.824","32.487","32.487","32.487","31.475","31.475","31.475","211.566","211.566","211.566"
"3555.579780317","204.632","204.632","204.632","33.177","33.177","33.177","31.38","31.38","31.38","249.96","249.96","249.96"
"3570.579978622","205.11","205.11","205.11","32.486","32.486","32.486","31.766","31.766","31.766","249.014","249.014","249.014"
"3585.580514118","35.371","35.371","35.371","33.099","33.099","33.099","31.579","31.579","31.579","151.737","151.737","151.737"
"3600.567729788","36.063","36.063","36.063","60.569","60.569","60.569","58.245","58.245","58.245","154.934","154.934","154.934"
"3615.566027438","52.791","52.791","52.791","53.655","53.655","53.655","51.247","51.247","51.247","212.81","212.81","212.81"
"3630.571405545","147.073","147.073","147.073","147.47","147.47","147.47","140.792","140.792","140.792","214.027","214.027","214.027"
"3645.569168353","149.708","149.708","149.708","148.198","148.198","148.198","149.796","149.796","149.796","218.224","218.224","218.224"
"3660.571854883","147.558","147.558","147.558","155.666","155.666","155.666","146.293","146.293","146.293","207.508","207.508","207.508"
"3675.572640829","147.648","147.648","147.648","154.19","154.19","154.19","146.378","146.378","146.378","218.799","218.799","218.799"
"3690.57206417","142.195","142.195","142.195","144.602","144.602","144.602","141.137","141.137","141.137","219.42","219.42","219.42"
"3705.570465204","146.094","146.094","146.094","148.803","148.803","148.803","139.6","139.6","139.6","208.928","208.928","208.928"
"3720.578386721","34.596","34.596","34.596","37.918","37.918","37.918","35.811","35.811","35.811","219.626","219.626","219.626"
"3735.570061522","145.892","145.892","145.892","144.686","144.686","144.686","54.879","54.879","54.879","204.641","204.641","204.641"
"3750.574104796","148.98","148.98","148.98","151.401","151.401","151.401","145.73","145.73","145.73","209.519","209.519","209.519"
"3765.570083318","149.405","149.405","149.405","158.136","158.136","158.136","147.442","147.442","147.442","218.237","218.237","218.237"
"3780.568005885","53.47","53.47","53.47","151.451","151.451","151.451","150.954","150.954","150.954","213.63","213.63","213.63"
"3795.575646435","147.859","147.859","147.859","151.906","151.906","151.906","145.494","145.494","145.494","218.286","218.286","218.286"
"3810.569709063","144.803","144.803","144.803","153.214","153.214","153.214","146.842","146.842","146.842","225.581","225.581","225.581"
"3825.564817513","52.99","52.99","52.99","59.265","59.265","59.265","54.118","54.118","54.118","212.43","212.43","212.43"
"3840.567261729","59.679","59.679","59.679","64.967","64.967","64.967","60.297","60.297","60.297","216.198","216.198","216.198"
"3855.566775259","58.874","58.874","58.874","63.893","63.893","63.893","60.01","60.01","60.01","191.666","191.666","191.666"
"3870.564078855","59.663","59.663","59.663","65.161","65.161","65.161","58.898","58.898","58.898","211.961","211.961","211.961"
"3885.565020063","59.469","59.469","59.469","64.597","64.597","64.597","60.093","60.093","60.093","186.972","186.972","186.972"
"3900.575993422","33.209","33.209","33.209","34.582","34.582","34.582","32.562","32.562","32.562","264.622","264.622","264.622"
"3915.566738921","33.201","33.201","33.201","62.824","62.824","62.824","59.628","59.628","59.628","131.894","131.894","131.894"
"3930.567448814","51.314","51.314","51.314","55.444","55.444","55.444","51.655","51.655","51.655","183.861","183.861","183.861"
"3945.571099973","183.333","183.333","183.333","182.867","182.867","182.867","174.646","174.646","174.646","217.956","217.956","217.956"
"3960.571813153","59.258","59.258","59.258","64.481","64.481","64.481","60.28","60.28","60.28","231.854","231.854","231.854"
"3975.582173533","33.201","33.201","33.201","34.084","34.084","34.084","31.98","31.98","31.98","212.392","212.392","212.392"
"3990.580925545","33.104","33.104","33.104","33.792","33.792","33.792","32.09","32.09","32.09","226.841","226.841","226.841"
"4005.578010151","130.455","130.455","130.455","33.492","33.492","33.492","31.898","31.898","31.898","170.06","170.06","170.06"
"4020.582393052","154.344","154.344","154.344","33.271","33.271","33.271","31.774","31.774","31.774","243.728","243.728","243.728"
"4035.576860319","33.201","33.201","33.201","33.104","33.104","33.104","31.488","31.488","31.488","195.386","195.386","195.386"
"4050.57967475","33.201","33.201","33.201","33.305","33.305","33.305","31.587","31.587","31.587","163.678","163.678","163.678"
"4065.573213215","74.175","74.175","74.175","33.285","33.285","33.285","31.198","31.198","31.198","168.812","168.812","168.812"
"4080.574664349","74.528","74.528","74.528","32.902","32.902","32.902","31.094","31.094","31.094","187.231","187.231","187.231"
"4095.571561513","68.164","68.164","68.164","32.994","32.994","32.994","31.399","31.399","31.399","161.317","161.317","161.317"
"4110.575082548","33.298","33.298","33.298","32.813","32.813","32.813","31.385","31.385","31.385","209.926","209.926","209.926"
"4125.66160246","34.977","34.977","34.977","33.001","33.001","33.001","32.964","32.964","32.964","193.825","193.825","193.825"
"4140.575503592","58.02","58.02","58.02","35.158","35.158","35.158","33.374","33.374","33.374","160.097","160.097","160.097"
"4155.573301686","76.08","76.08","76.08","80.419","80.419","80.419","77.68","77.68","77.68","167.456","167.456","167.456"
"4170.576212477","69.519","69.519","69.519","75.593","75.593","75.593","73.808","73.808","73.808","156.387","156.387","156.387"
"4185.569671343","79.699","79.699","79.699","81.205","81.205","81.205","76.09","76.09","76.09","171.307","171.307","171.307"
"4200.566611257","51.022","51.022","51.022","61.714","61.714","61.714","58.561","58.561","58.561","162.694","162.694","162.694"
"4215.586257109","33.797","33.797","33.797","33.293","33.293","33.293","31.689","31.689","31.689","202.137","202.137","202.137"
"4230.571447591","57.918","57.918","57.918","35.167","35.167","35.167","33.642","33.642","33.642","208.399","208.399","208.399"
"4245.569930198","51.217","51.217","51.217","50.233","50.233","50.233","51.268","51.268","51.268","235.269","235.269","235.269"
"4260.57702792","48.053","48.053","48.053","51.812","51.812","51.812","49.399","49.399","49.399","190.11","190.11","190.11"
"4275.569937106","55.052","55.052","55.052","52.701","52.701","52.701","51.35","51.35","51.35","202.979","202.979","202.979"
"4290.569934744","48.252","48.252","48.252","52.383","52.383","52.383","51.054","51.054","51.054","247.984","247.984","247.984"
"4305.571910632","55.165","55.165","55.165","52.284","52.284","52.284","49.567","49.567","49.567","197.38","197.38","197.38"
"4320.570788219","75.394","75.394","75.394","70.297","70.297","70.297","66.671","66.671","66.671","192.533","192.533","192.533"
"4335.572235495","52.31","52.31","52.31","53.198","53.198","53.198","49.398","49.398","49.398","224.748","224.748","224.748"
"4350.567145303","36.55","36.55","36.55","51.022","51.022","51.022","55.072","55.072","55.072","192.143","192.143","192.143"
"4365.569772692","53.586","53.586","53.586","80.74","80.74","80.74","48.591","48.591","48.591","205.663","205.663","205.663"
"4380.568824136","51.909","51.909","51.909","52.604","52.604","52.604","49.095","49.095","49.095","201.868","201.868","201.868"
"4395.573970058","52.305","52.305","52.305","52.383","52.383","52.383","54.21","54.21","54.21","207.518","207.518","207.518"
"4410.569801213","51.243","51.243","51.243","34.777","34.777","34.777","53.524","53.524","53.524","219.765","219.765","219.765"
"4425.569238811","57.031","57.031","57.031","60.942","60.942","60.942","57.35","57.35","57.35","204.198","204.198","204.198"
"4440.561137853","57.61","57.61","57.61","61.136","61.136","61.136","57.068","57.068","57.068","175.637","175.637","175.637"
"4455.561359881","57.615","57.615","57.615","61.262","61.262","61.262","57.35","57.35","57.35","183.53","183.53","183.53"
"4470.565764654","57.513","57.513","57.513","61.342","61.342","61.342","57.356","57.356","57.356","190.85","190.85","190.85"
"4485.564401319","57.615","57.615","57.615","61.33","61.33","61.33","57.231","57.231","57.231","181.362","181.362","181.362"
"4500.56580289","57.007","57.007","57.007","61.342","61.342","61.342","58.132","58.132","58.132","207.513","207.513","207.513"
"4515.563579884","57.097","57.097","57.097","61.536","61.536","61.536","57.35","57.35","57.35","198.751","198.751","198.751"
"4530.565407263","57.61","57.61","57.61","61.439","61.439","61.439","58.019","58.019","58.019","202.404","202.404","202.404"
"4545.563089619","57.696","57.696","57.696","61.439","61.439","61.439","58.229","58.229","58.229","195.857","195.857","195.857"
"4560.562095117","57.502","57.502","57.502","61.439","61.439","61.439","58.035","58.035","58.035","171.4","171.4","171.4"
"4575.562545123","56.829","56.829","56.829","61.536","61.536","61.536","58.132","58.132","58.132","187.605","187.605","187.605"
"4590.563525294","57.113","57.113","57.113","61.439","61.439","61.439","58.019","58.019","58.019","243.629","243.629","243.629"
"4605.564642561","56.924","56.924","56.924","61.519","61.519","61.519","58.132","58.132","58.132","159.004","159.004","159.004"
"4620.564239387","57.528","57.528","57.528","61.44","61.44","61.44","58.035","58.035","58.035","165.981","165.981","165.981"
"4635.563678177","57.805","57.805","57.805","61.313","61.313","61.313","58.035","58.035","58.035","218.797","218.797","218.797"
"4650.56287276","57.021","57.021","57.021","61.439","61.439","61.439","58.132","58.132","58.132","214.4","214.4","214.4"
"4665.56238622","57.631","57.631","57.631","61.634","61.634","61.634","58.132","58.132","58.132","208.606","208.606","208.606"
"4680.559330632","57.015","57.015","57.015","61.423","61.423","61.423","58.304","58.304","58.304","215.094","215.094","215.094"
"4695.5631943","57.708","57.708","57.708","61.519","61.519","61.519","58.191","58.191","58.191","235.975","235.975","235.975"
"4710.56308666","57.805","57.805","57.805","61.439","61.439","61.439","58.138","58.138","58.138","216.158","216.158","216.158"
"4725.559798838","57.016","57.016","57.016","61.536","61.536","61.536","58.126","58.126","58.126","197.811","197.811","197.811"
"4740.561917433","57.631","57.631","57.631","61.553","61.553","61.553","58.132","58.132","58.132","208.011","208.011","208.011"
"4755.561990683","56.926","56.926","56.926","61.634","61.634","61.634","57.922","57.922","57.922","213.82","213.82","213.82"
"4770.561286775","57.007","57.007","57.007","61.439","61.439","61.439","58.116","58.116","58.116","203.273","203.273","203.273"
"4785.561996599","57.615","57.615","57.615","61.536","61.536","61.536","58.132","58.132","58.132","208.928","208.928","208.928"
"4800.56105238","57.594","57.594","57.594","61.531","61.531","61.531","58.11","58.11","58.11","229.104","229.104","229.104"
"4815.56394669","57.707","57.707","57.707","61.531","61.531","61.531","58.239","58.239","58.239","227.17","227.17","227.17"
"4830.56309193","57.707","57.707","57.707","61.514","61.514","61.514","58.236","58.236","58.236","206.951","206.951","206.951"
"4845.560452022","57.81","57.81","57.81","61.456","61.456","61.456","58.035","58.035","58.035","190.945","190.945","190.945"
"4860.561649139","57.132","57.132","57.132","61.634","61.634","61.634","58.142","58.142","58.142","176.899","176.899","176.899"
"4875.563317239","57.707","57.707","57.707","61.537","61.537","61.537","57.922","57.922","57.922","193.973","193.973","193.973"
"4890.559852425","57.615","57.615","57.615","61.44","61.44","61.44","58.116","58.116","58.116","180.917","180.917","180.917"
"4905.563745067","56.926","56.926","56.926","61.427","61.427","61.427","58.116","58.116","58.116","191.465","191.465","191.465"
"4920.567571464","57.533","57.533","57.533","61.537","61.537","61.537","58.11","58.11","58.11","240.552","240.552","240.552"
"4935.562795541","57.533","57.533","57.533","61.537","61.537","61.537","58.019","58.019","58.019","238.902","238.902","238.902"
"4950.560392137","56.829","56.829","56.829","61.634","61.634","61.634","57.916","57.916","57.916","239.817","239.817","239.817"
"4965.561584785","57.513","57.513","57.513","61.342","61.342","61.342","58.207","58.207","58.207","231.764","231.764","231.764"
"4980.569520138","57.729","57.729","57.729","61.634","61.634","61.634","58.229","58.229","58.229","202.582","202.582","202.582"
"4995.570726292","57.023","57.023","57.023","61.634","61.634","61.634","57.657","57.657","57.657","182.276","182.276","182.276"
"5010.570045448","57.21","57.21","57.21","61.634","61.634","61.634","57.437","57.437","57.437","217.93","217.93","217.93"
"5025.582523479","32.703","32.703","32.703","33.597","33.597","33.597","32.098","32.098","32.098","162.963","162.963","162.963"
"5040.571378993","33.003","33.003","33.003","61.359","61.359","61.359","58.342","58.342","58.342","138.758","138.758","138.758"
"5055.563096034","50.021","50.021","50.021","54.35","54.35","54.35","50.944","50.944","50.944","252.565","252.565","252.565"
"5070.576433577","55.324","55.324","55.324","50.634","50.634","50.634","54.407","54.407","54.407","218.973","218.973","218.973"
"5085.574762776","56.256","56.256","56.256","52.976","52.976","52.976","52.535","52.535","52.535","192.326","192.326","192.326"
"5100.573081846","53.085","53.085","53.085","59.386","59.386","59.386","48.591","48.591","48.591","219.224","219.224","219.224"
"5115.570406542","53.166","53.166","53.166","52.091","52.091","52.091","50.958","50.958","50.958","197.409","197.409","197.409"
"5130.571982941","60.148","60.148","60.148","50.298","50.298","50.298","49.398","49.398","49.398","169.594","169.594","169.594"
"5145.572036584","50.039","50.039","50.039","54.43","54.43","54.43","50.382","50.382","50.382","190.7","190.7","190.7"
"5160.579989048","46.783","46.783","46.783","57.408","57.408","57.408","53.247","53.247","53.247","310.944","310.944","310.944"
"5175.575051822","49.644","49.644","49.644","51.716","51.716","51.716","53.813","53.813","53.813","219.05","219.05","219.05"
"5190.574430139","49.929","49.929","49.929","55.817","55.817","55.817","54.106","54.106","54.106","168.11","168.11","168.11"
"5205.570379526","38.511","38.511","38.511","59.54","59.54","59.54","74.307","74.307","74.307","217.594","217.594","217.594"
"5220.571339609","48.065","48.065","48.065","53.283","53.283","53.283","52.707","52.707","52.707","181.146","181.146","181.146"
"5235.576106139","51.91","51.91","51.91","52.105","52.105","52.105","53.614","53.614","53.614","213.422","213.422","213.422"
"5250.565554014","57.708","57.708","57.708","61.423","61.423","61.423","58.316","58.316","58.316","212.735","212.735","212.735"
"5265.566144053","57.713","57.713","57.713","61.537","61.537","61.537","58.235","58.235","58.235","202.165","202.165","202.165"
"5280.564899622","57.712","57.712","57.712","61.634","61.634","61.634","58.445","58.445","58.445","183.599","183.599","183.599"
"5295.564944409","57.696","57.696","57.696","61.628","61.628","61.628","58.332","58.332","58.332","232.631","232.631","232.631"
"5310.566790994","57.907","57.907","57.907","61.536","61.536","61.536","58.413","58.413","58.413","229.269","229.269","229.269"
"5325.565321791","57.788","57.788","57.788","61.714","61.714","61.714","58.116","58.116","58.116","234.757","234.757","234.757"
"5340.56739962","57.291","57.291","57.291","61.732","61.732","61.732","58.207","58.207","58.207","236.89","236.89","236.89"
"5355.566660626","57.804","57.804","57.804","61.634","61.634","61.634","57.744","57.744","57.744","185.518","185.518","185.518"
"5370.564376726","57.696","57.696","57.696","61.634","61.634","61.634","58.332","58.332","58.332","200.68","200.68","200.68"
"5385.564975692","57.821","57.821","57.821","61.731","61.731","61.731","58.116","58.116","58.116","190.209","190.209","190.209"
"5400.564257838","57.788","57.788","57.788","61.731","61.731","61.731","58.304","58.304","58.304","228.075","228.075","228.075"
"5415.563685988","57.788","57.788","57.788","61.714","61.714","61.714","58.304","58.304","58.304","230.138","230.138","230.138"
"5430.566718117","57.708","57.708","57.708","61.634","61.634","61.634","58.207","58.207","58.207","224.234","224.234","224.234"
"5445.56781709","57.599","57.599","57.599","61.731","61.731","61.731","57.641","57.641","57.641","200.529","200.529","200.529"
"5460.561972583","57.118","57.118","57.118","61.731","61.731","61.731","58.148","58.148","58.148","169.2","169.2","169.2"
"5475.561818636","57.708","57.708","57.708","61.731","61.731","61.731","58.229","58.229","58.229","169.484","169.484","169.484"
"5490.563778103","57.133","57.133","57.133","61.537","61.537","61.537","58.338","58.338","58.338","175.248","175.248","175.248"
"5505.565964545","57.793","57.793","57.793","61.536","61.536","61.536","57.469","57.469","57.469","163.461","163.461","163.461"
"5520.56191813","57.81","57.81","57.81","61.634","61.634","61.634","57.647","57.647","57.647","208.602","208.602","208.602"
"5535.561917171","57.713","57.713","57.713","61.622","61.622","61.622","58.32","58.32","58.32","214.366","214.366","214.366"
"5550.564018423","57.821","57.821","57.821","61.748","61.748","61.748","58.225","58.225","58.225","203.41","203.41","203.41"
"5565.562662093","57.113","57.113","57.113","61.537","61.537","61.537","58.207","58.207","58.207","211.013","211.013","211.013"
"5580.562493909","57.805","57.805","57.805","61.634","61.634","61.634","58.148","58.148","58.148","106.936","106.936","106.936"
"5595.563359826","57.112","57.112","57.112","61.634","61.634","61.634","58.43","58.43","58.43","167.561","167.561","167.561"
"5610.56862973","57.708","57.708","57.708","61.634","61.634","61.634","58.336","58.336","58.336","185.518","185.518","185.518"
"5625.564304031","57.728","57.728","57.728","61.537","61.537","61.537","58.132","58.132","58.132","167.362","167.362","167.362"
"5640.566674549","57.809","57.809","57.809","61.732","61.732","61.732","58.229","58.229","58.229","172.476","172.476","172.476"
"5655.564115923","57.707","57.707","57.707","61.634","61.634","61.634","57.922","57.922","57.922","182.224","182.224","182.224"
"5670.564498042","57.005","57.005","57.005","61.634","61.634","61.634","58.11","58.11","58.11","226.06","226.06","226.06"
"5685.56323691","56.939","56.939","56.939","61.422","61.422","61.422","58.241","58.241","58.241","209.064","209.064","209.064"
"5700.564920018","57.194","57.194","57.194","61.537","61.537","61.537","58.11","58.11","58.11","243.534","243.534","243.534"
"5715.566124639","57","57","57","61.519","61.519","61.519","58.11","58.11","58.11","241.243","241.243","241.243"
"5730.566498894","57.097","57.097","57.097","61.422","61.422","61.422","58.11","58.11","58.11","240.862","240.862","240.862"
"5745.56212764","57","57","57","61.731","61.731","61.731","58.11","58.11","58.11","227.479","227.479","227.479"
"5760.563015937","56.911","56.911","56.911","61.536","61.536","61.536","58.11","58.11","58.11","238.922","238.922","238.922"
"5775.56447726","57.696","57.696","57.696","61.439","61.439","61.439","58.019","58.019","58.019","208.258","208.258","208.258"
"5790.564590906","57.712","57.712","57.712","61.634","61.634","61.634","57.922","57.922","57.922","216.47","216.47","216.47"
"5805.563439429","57.61","57.61","57.61","61.52","61.52","61.52","58.338","58.338","58.338","173.706","173.706","173.706"
"5820.56528384","57.599","57.599","57.599","61.536","61.536","61.536","58.132","58.132","58.132","203.103","203.103","203.103"
"5835.565192671","57.696","57.696","57.696","61.52","61.52","61.52","58.11","58.11","58.11","218.77","218.77","218.77"
"5850.583645446","32.605","32.605","32.605","33.294","33.294","33.294","31.786","31.786","31.786","207.064","207.064","207.064"
"5865.567129328","32.994","32.994","32.994","61.262","61.262","61.262","58.067","58.067","58.067","139.912","139.912","139.912"
"5880.568117303","57.691","57.691","57.691","61.233","61.233","61.233","57.954","57.954","57.954","156.887","156.887","156.887"
"5895.577925407","45.118","45.118","45.118","51.897","51.897","51.897","43.791","43.791","43.791","193.368","193.368","193.368"
"5910.581889383","44.218","44.218","44.218","46.781","46.781","46.781","46.534","46.534","46.534","181.513","181.513","181.513"
"5925.58351861","44.426","44.426","44.426","47.863","47.863","47.863","46.256","46.256","46.256","204.741","204.741","204.741"
"5940.580111383","53.677","53.677","53.677","64.966","64.966","64.966","45.727","45.727","45.727","211.878","211.878","211.878"
"5955.585261704","44.037","44.037","44.037","44.801","44.801","44.801","49.975","49.975","49.975","218.479","218.479","218.479"
"5970.571864153","43.939","43.939","43.939","48.084","48.084","48.084","47.311","47.311","47.311","228.736","228.736","228.736"
"5985.572134372","55.441","55.441","55.441","49.625","49.625","49.625","49.386","49.386","49.386","171.803","171.803","171.803"
"6000.571155369","45.24","45.24","45.24","48.266","48.266","48.266","46.897","46.897","46.897","214.788","214.788","214.788"
"6015.57299992","45.228","45.228","45.228","45.105","45.105","45.105","45.447","45.447","45.447","251.569","251.569","251.569"
"6030.569907243","49.055","49.055","49.055","45.894","45.894","45.894","48.041","48.041","48.041","166.771","166.771","166.771"
"6045.575330686","49.73","49.73","49.73","51.703","51.703","51.703","45.939","45.939","45.939","202.048","202.048","202.048"
"6060.570197873","47.378","47.378","47.378","46.963","46.963","46.963","44.258","44.258","44.258","217.48","217.48","217.48"
"6075.564514689","57.707","57.707","57.707","61.634","61.634","61.634","58.419","58.419","58.419","212.063","212.063","212.063"
"6090.565569319","57.707","57.707","57.707","61.536","61.536","61.536","57.738","57.738","57.738","213.761","213.761","213.761"
"6105.563897747","57.788","57.788","57.788","61.634","61.634","61.634","58.332","58.332","58.332","209.019","209.019","209.019"
"6120.565168191","57.788","57.788","57.788","61.726","61.726","61.726","58.207","58.207","58.207","217.574","217.574","217.574"
"6135.560980822","57.885","57.885","57.885","61.732","61.732","61.732","58.413","58.413","58.413","210.32","210.32","210.32"
"6150.566964114","57.805","57.805","57.805","61.537","61.537","61.537","58.207","58.207","58.207","247.502","247.502","247.502"
"6165.562161661","57.788","57.788","57.788","61.617","61.617","61.617","58.413","58.413","58.413","212.493","212.493","212.493"
"6180.569457474","57.793","57.793","57.793","61.634","61.634","61.634","57.657","57.657","57.657","205.12","205.12","205.12"
"6195.569883686","57.707","57.707","57.707","61.731","61.731","61.731","58.235","58.235","58.235","207.132","207.132","207.132"
"6210.573122802","57.712","57.712","57.712","61.732","61.732","61.732","58.316","58.316","58.316","210.106","210.106","210.106"
"6225.571558582","57.793","57.793","57.793","61.714","61.714","61.714","58.11","58.11","58.11","215.578","215.578","215.578"
"6240.566784482","57.788","57.788","57.788","61.634","61.634","61.634","58.304","58.304","58.304","216.615","216.615","216.615"
"6255.567323174","57.793","57.793","57.793","61.714","61.714","61.714","58.348","58.348","58.348","174.202","174.202","174.202"
"6270.566902298","57.907","57.907","57.907","61.634","61.634","61.634","58.526","58.526","58.526","196.86","196.86","196.86"
"6285.564941172","57.793","57.793","57.793","61.634","61.634","61.634","58.154","58.154","58.154","161.582","161.582","161.582"
"6300.565401298","57.81","57.81","57.81","61.742","61.742","61.742","58.348","58.348","58.348","188.679","188.679","188.679"
"6315.570103989","57.885","57.885","57.885","61.714","61.714","61.714","58.316","58.316","58.316","221.954","221.954","221.954"
"6330.565155862","57.805","57.805","57.805","61.634","61.634","61.634","58.11","58.11","58.11","248.916","248.916","248.916"
"6345.565328048","57.788","57.788","57.788","61.536","61.536","61.536","58.332","58.332","58.332","207.272","207.272","207.272"
"6360.569740995","57.707","57.707","57.707","61.536","61.536","61.536","58.019","58.019","58.019","212.198","212.198","212.198"
"6375.565893232","57.885","57.885","57.885","61.634","61.634","61.634","58.11","58.11","58.11","230.796","230.796","230.796"
"6390.564253049","57.097","57.097","57.097","61.536","61.536","61.536","58.316","58.316","58.316","245.207","245.207","245.207"
"6405.564463676","57.918","57.918","57.918","61.732","61.732","61.732","58.213","58.213","58.213","187.718","187.718","187.718"
"6420.565789305","57.713","57.713","57.713","61.427","61.427","61.427","58.229","58.229","58.229","195.041","195.041","195.041"
"6435.572505581","57.031","57.031","57.031","61.617","61.617","61.617","58.338","58.338","58.338","165.103","165.103","165.103"
"6450.566114299","57.118","57.118","57.118","61.536","61.536","61.536","58.116","58.116","58.116","207.476","207.476","207.476"
"6465.566692125","57.209","57.209","57.209","61.634","61.634","61.634","57.625","57.625","57.625","205.233","205.233","205.233"
"6480.56958385","57.81","57.81","57.81","61.65","61.65","61.65","58.132","58.132","58.132","181.747","181.747","181.747"
"6495.564883959","57.821","57.821","57.821","61.439","61.439","61.439","57.566","57.566","57.566","192.644","192.644","192.644"
"6510.564600069","57.712","57.712","57.712","61.553","61.553","61.553","58.229","58.229","58.229","190.092","190.092","190.092"
"6525.566847085","57.821","57.821","57.821","61.525","61.525","61.525","57.356","57.356","57.356","201.041","201.041","201.041"
"6540.564124492","57.615","57.615","57.615","61.536","61.536","61.536","58.223","58.223","58.223","209.371","209.371","209.371"
"6555.562753213","57.901","57.901","57.901","61.52","61.52","61.52","58.019","58.019","58.019","180.818","180.818","180.818"
"6570.566482118","57.118","57.118","57.118","61.439","61.439","61.439","58.126","58.126","58.126","196.424","196.424","196.424"
"6585.564358699","57.712","57.712","57.712","61.537","61.537","61.537","58.132","58.132","58.132","176.862","176.862","176.862"
"6600.566311954","57.696","57.696","57.696","61.537","61.537","61.537","58.116","58.116","58.116","183.684","183.684","183.684"
"6615.566424948","57.713","57.713","57.713","61.617","61.617","61.617","58.116","58.116","58.116","202.384","202.384","202.384"
"6630.563268552","57.793","57.793","57.793","61.714","61.714","61.714","58.245","58.245","58.245","178.217","178.217","178.217"
"6645.566469877","57.805","57.805","57.805","61.634","61.634","61.634","58.304","58.304","58.304","216.543","216.543","216.543"
"6660.565661444","57.923","57.923","57.923","61.634","61.634","61.634","58.619","58.619","58.619","225.547","225.547","225.547"
"6675.572022544","32.605","32.605","32.605","33.202","33.202","33.202","31.774","31.774","31.774","222.684","222.684","222.684"
"6690.569449342","32.703","32.703","32.703","61.439","61.439","61.439","58.235","58.235","58.235","169.733","169.733","169.733"
"6705.576279231","32.8","32.8","32.8","35.255","35.255","35.255","33.75","33.75","33.75","178.622","178.622","178.622"
"6720.567212121","90.872","90.872","90.872","77.696","77.696","77.696","89.17","89.17","89.17","214.38","214.38","214.38"
"6735.571008001","64.797","64.797","64.797","76.656","76.656","76.656","76.476","76.476","76.476","246.601","246.601","246.601"
"6750.575194284","62.185","62.185","62.185","67.808","67.808","67.808","63.652","63.652","63.652","313.911","313.911","313.911"
"6765.578466733","33.091","33.091","33.091","33.792","33.792","33.792","31.884","31.884","31.884","205.734","205.734","205.734"
"6780.580978335","33.311","33.311","33.311","33.394","33.394","33.394","31.779","31.779","31.779","179.385","179.385","179.385"
"6795.581271557","46.795","46.795","46.795","33.285","33.285","33.285","31.676","31.676","31.676","238.236","238.236","238.236"
"6810.575486371","46.285","46.285","46.285","33.285","33.285","33.285","31.671","31.671","31.671","247.452","247.452","247.452"
"6825.579090402","45.725","45.725","45.725","33.099","33.099","33.099","31.677","31.677","31.677","190.58","190.58","190.58"
"6840.577752465","47.695","47.695","47.695","32.904","32.904","32.904","31.676","31.676","31.676","213.016","213.016","213.016"
"6855.577008844","52.598","52.598","52.598","32.807","32.807","32.807","31.392","31.392","31.392","200.911","200.911","200.911"
"6870.576303604","46.115","46.115","46.115","32.703","32.703","32.703","31.421","31.421","31.421","64.282","64.282","64.282"